alias andrew_morris "Andrew Morris  <amorris@well.ox.ac.uk>"
alias andy "Andy Davison  <apr.davison@btinternet.com>"
alias ben "Ben Moore  <benjamin.moore1@imperial.ac.uk>"
alias ben_voight "Ben Voight  <bvoight@broad.mit.edu>"
alias bob "Bob Thust  <bthust@deloitte.co.uk>"
alias bruce "Bruce Winney  <bruce.winney@clinpharm.ox.ac.uk>"
alias bryan "Bryan Howie  <howie@stats.ox.ac.uk>"
alias carmen "Carmen Coxon  <Carmen.Coxon@obs-gyn.ox.ac.uk>"
alias carmen_coxon "Carmen Coxon  <carmen.coxon@dpag.ox.ac.uk>"
alias charlie "Charlie Davison  <cdavison@aspects.net>"
alias chikodi "Chikodi Echeta  <chikodi.echeta@clinpharm.ox.ac.uk>"
alias chris "Chris Spencer  <spencer@stats.ox.ac.uk>"
alias clyde-francks "clyde-franks  <clyde.2.francks@gsk.com>"
alias colin "Colin Freeman  <cfreeman@stats.ox.ac.uk>"
alias craig "Darrell Craig Carter  <spire.properties@talk21.com>"
alias dad "Martin Davison  <davisons@ntlworld.com>"
alias mumanddad "<davisons@ntlworld.com>"
alias damjan "Damjan Vukcevic  <vukcevic@stats.ox.ac.uk>"
alias dan-susman "Dan Susman  <dansusman@gmail.com>"
alias david_clayton "David Clayton  <david.clayton@cimr.cam.ac.uk>"
alias david_pearson "David Pearson  <davidpearson@freeuk.com>"
alias john "John Davison <johndavison77@googlemail.com>"
alias dingle-list \
        "Katharine Chant  <the-chants@tiscali.co.uk>",\
        "Martin Davison <davisons@ntlworld.com>",\
	"Paul Davison <paddavison@btinternet.com>",\
	"Andy Davison <apr.davison@btinternet.com>,
	"Charlie Davison <cdavison@aspects.net>",\
	"James Davison <jimandmave@btinternet.com>",
	"Julia Manton <juliamanton@hotmail.com>",
	"Hilary Davison <hilary.davison@onetel.net>",
	"Liz Fillingham <lizfillingham2@btinternet.com>",
	"Liz2 <fillingham2@supanet.com>",
	"Jane Davison <j.Davison@iaea.org>",
	"Charlotte Franklin <charliefranklin21@hotmail.com>",
	"Anna <chantstevens@talktalk.net>",
	"Tom <chantaspell@yahoo.com>",
	"John Davison <j.davison@sussex.ac.uk>",
	"Dan Davison <davison@stats.ox.ac.uk>",
	"Will Davison <wdavison10@gmail.com>>",
	"Fred Davison <davisonio@hotmail.com>",
	"Tim Manton <gabba4breakfast@hotmail.co.uk>"
alias don "Donald Conrad  <dc4@sanger.ac.uk>"
alias ed "Eddie Ralston  <ed_4king2@yahoo.co.uk>"
alias elliott "Elliott Bromley  <EBromley@blg.co.uk>"
alias emacs-help "help-gnu-emacs mailing list  <help-gnu-emacs@gnu.org>"
alias ess-help "ess-help  <ess-help@stat.math.ethz.ch>"
alias family "Mum & Dad  <davisons@ntlworld.com>"
alias fred "Fred Davison  <fred.davison@garradhassan.com>"
alias garrett "Garrett Hellenthal  <hellenth@stats.ox.ac.uk>"
alias george "George Nicholson  <nicholso@stats.ox.ac.uk>"
alias gil "Gilean McVean  <mcvean@stats.ox.ac.uk>"
alias hannah "Hannah Dugdale  <h.dugdale@sheffield.ac.uk>"
alias hilary "Hilary Davison  <hilary.davison@onetel.net>"
alias hin-tak "Hin-Tak Leung  <hin-tak.leung@cimr.cam.ac.uk>"
alias inga "Ingileif Hallgrimsdottir  <ingileif@stats.ox.ac.uk>"
alias ion-general "ion-general mailing list  <ion-general@lists.berlios.de>"
alias irina "Irina Evseeva  <Irina.Evseeva@clinpharm.ox.ac.uk>"
alias j "James Loudon  <jloudon@sdmail.org.uk>"
alias jeff_barrett "Jeffrey Barrett  <jcbarret@well.ox.ac.uk>"
alias jo "Jo Macfarlane  <jo.macfarlane@mailonsunday.co.uk>"
alias jo-gale "Joanne Gale  <gale@stats.ox.ac.uk>"
alias jo_gay "Jo Gay  <jo.gay@stats.ox.ac.uk>"
alias jonathan "Jonathan Marchini  <marchini@stats.ox.ac.uk>"
alias jonny "Jonathan Haydock  <Jonathan.Haydock@standardchartered.com>"
alias josh-shapiro "Josh Shapiro  <jashapiro@alumni.williams.edu>"
alias justin "Justin Buck  <justin.buck@hwlhandsets.com>"
alias kash "Kashif Sadiq  <syed.sadiq@ucl.ac.uk>"
alias katinka "Katinka Vigh  <kvigh@uchicago.edu>"
alias kevin "Kevin Bullaughey  <kbullaughey@gmail.com>"
alias kristin "Kristin Nicodemus  <kristin.nicodemus@clinpharm.ox.ac.uk>"
alias lucia "Lucia Luna  <llunawo@umich.edu>"
alias maddy "Madeline Mitchell  <mitchell@stats.ox.ac.uk>"
alias mary "Mary Noble  <mnoble@princeton.edu>"
alias matt-hurles "Matt Hurles  <meh@sanger.ac.uk>"
alias me "Dan Davison  <davison@stats.ox.ac.uk>"
alias niall "Niall Cardin  <cardin@stats.ox.ac.uk>"
alias org-mode "emacs org-mode mailing list  <emacs-orgmode@gnu.org>"
alias osc-support "OSC support  <support@osc.ox.ac.uk>"
alias oxpopgen "OxPopGen  <OxPopGen@maillist.ox.ac.uk>"
alias peter-d "Peter Donnelly  <donnelly@stats.ox.ac.uk>"
alias r-devel "r-devel  <r-devel@r-project.org>"
alias raphaelle "Raphaelle Chaix  <chaix@mnhn.fr>"
alias ric "Ric Hill  <ric.hill@softwire.co.uk>"
alias rob "Rob Ind  <rind@morpeth.towerhamlets.sch.uk>"
alias rob-logan "Rob Logan  <bobbycheddar@hotmail.com>"
alias roman "roman arguello <jra89@cornell.edu>"
alias rory "Rory Bowden  <bowden@stats.ox.ac.uk>"
alias simon "Simon Myers  <myers@stats.ox.ac.uk>"
alias stephen "Stephen Leslie  <leslie@stats.ox.ac.uk>"
alias tim_manton "Tim Manton  <gabba4breakfast@hotmail.co.uk>"
alias turkish-al "Al Barker  <albarker@gmail.com>"
alias victoria "Victoria Fallon  <directorpa@well.ox.ac.uk>"
alias vincent-plagnol "Vincent Plagnol  <vincent.plagnol@cimr.cam.ac.uk>"
alias weird-al "Al Sarafoglou  <fooloooo@hotmail.com>"
alias will "william davison  <wdavison10@gmail.com>"
alias jake "Jake Byrnes  <jake.byrnes@well.ox.ac.uk>"
alias mutt-users "mutt-users mailing list  <mutt-users@mutt.org>"
alias r-bugs "R-bugs  <r-bugs@biostat.ku.dk>"
alias hannah-nunn "Hannah Nunn  <hannah_nunn@yahoo.co.uk>"
alias freecycle-cambridge "cambridgefreecycle  <cambridgefreecycle@yahoogroups.com>"
alias Amy "Amy Strange  <amy.strange@well.ox.ac.uk>"
alias graham "Graham Coop  <gcoop79@gmail.com>"
alias susie "Susie Perry  <SPerry@bca.ac.uk>"
alias mary-sms "mary text message  <6098517620@vmobl.com>"
alias donnelly-group "Donnelly Group  <donnelly-group@well.ox.ac.uk>"
alias peter "Peter Andolfatto  <pandolfa@princeton.edu>"
alias jennie-mckenzie "Jennie McKenzie  <mckenzie@stats.ox.ac.uk>"
alias jonathan-p "Jonathan Pritchard  <pritch@uchicago.edu>"
alias jules "Julian Maller  <maller@stats.ox.ac.uk>"
alias eric "Eric Schulte  <schulte.eric@gmail.com>"
alias austin-frank "Austin Frank  <austin.frank@gmail.com>"
alias matthew "matthew  <aardema2@msu.edu>"
alias matthew "Matthew Aardema  <aardema2@msu.edu>"
alias rockbox-dev "Rockbox development <rockbox-dev@cool.haxx.se>"
alias python-list "<python-list@python.org>"
alias celine "Céline Bellenguez <celine.bellenguez@well.ox.ac.uk>"
alias pylast "<pylast@googlegroups.com>"
alias humberto "Humberto Santana <humbertosantana@hotmail.com>"
alias carsten "Carsten Dominik <carsten.dominik@gmail.com>"
alias wtccc2-oxford "<wtccc2-oxford@well.ox.ac.uk>"
alias jules "Julian Maller <maller@stats.ox.ac.uk>"
alias gnus-help "<ding@gnus.org>"
alias adrienne "Adrienne Brown <adriennerbrown@gmail.com>"
alias ana "Ana Faigon <afaigon@princeton.edu>"
alias tina "Tina Hu <tthu@princeton.edu>"
alias ladan "Ladan Mehranvar <ladanmehran@hotmail.com>"
alias tom-dye "Thomas S. Dye <tsd@tsdye.com>"
alias david "David Stern <dstern@princeton.edu>"
alias unix-list "UNIX-LIST@princeton.edu"
alias sergio "Sergio Cordoba <scordoba@princeton.edu>"
alias rebecca "Rainof Mas, Rebecca <rainofmas@cua.edu>"
alias alex "Alexandre Mas <amas@princeton.edu>"
alias josh "Joshua Shapiro <jashapiro@gmail.com>"
alias jamesandmave "James Davison and Mave Ferrari <jimandmave@dianaferrari.co.uk>"
alias philip-work "Philip Seliger <philip.seliger@db.com>"
alias philip "Philip Seliger <seliger@gmail.com>"
alias ying "Ying <ying.zhen@gmail.com>"
alias nico "Nicolas Frankel <nfrankel@princeton.edu>"
alias nuria "Nuria Sanjuan Pastor <nsp@princeton.edu>"
alias balaji "Balaji S. Srinivasan <balajis@counsyl.com>"
alias director-pa "<directorpa@well.ox.ac.uk>"
alias ed-m "Edward Muston <emuston@princeton.edu>"
alias tom-w "tom watkin <tom_glasgow@hotmail.com>"
